漢字	画数	漢検級	メモ	ペア1_部品1	ペア1_部品2	ペア2_部品1	ペア2_部品2	ペア3_部品1	ペア3_部品2
沙	7	2級		水	少				
二	2	10級		一	一				
王	4	10級		十	二	一	土	工	一
三	3	10級		二	一	一	二		
一	1	10級							
力	2	10級							
八	2	10級							
入	2	10級							
人	2	10級							
十	2	10級							
七	2	10級							
九	2	10級							
川	3	10級							
山	3	10級							
子	3	10級							
小	3	10級							
土	3	10級		十	一				
女	3	10級							
上	3	10級							
大	3	10級		一	人				
夕	3	10級							
千	3	10級							
口	3	10級							
下	3	10級							
木	4	10級							
月	4	10級							
文	4	10級							
火	4	10級							
水	4	10級							
天	4	10級		一	大	二	人		
六	4	10級							
中	4	10級							
手	4	10級							
五	4	10級							
日	4	10級		口	一				
犬	4	10級							
円	4	10級							
石	5	10級							
玉	5	10級							
立	5	10級							
左	5	10級							
本	5	10級		木	一				
目	5	10級		日	一	口	二		
右	5	10級							
生	5	10級	？	牛	一				
四	5	10級							
田	5	10級		口	十				
白	5	10級							
正	5	10級		一	止				
出	5	10級	？	山	山				
竹	6	10級							
虫	6	10級							
年	6	10級							
百	6	10級		一	白				
字	6	10級							
糸	6	10級							
休	6	10級		人	木				
名	6	10級		夕	口				
先	6	10級							
早	6	10級		日	十				
気	6	10級							
耳	6	10級							
赤	7	10級							
見	7	10級							
村	7	10級		木	寸				
貝	7	10級		目	八	只	二		
車	7	10級		旦	十	申	二		
足	7	10級		口	止				
男	7	10級		田	力				
町	7	10級		田	丁				
花	7	10級							
林	8	10級		木	木				
学	8	10級							
空	8	10級		穴	工				
青	8	10級							
雨	8	10級							
金	8	10級							
音	9	10級		立	日				
草	9	10級							
校	10	10級		木	交				
森	12	10級		木	林				
引	4	9級							
羽	6	9級							
雲	12	9級		雨	云				
園	13	9級							
遠	13	9級							
何	7	9級		人	可				
科	9	9級		禾	斗				
夏	10	9級							
家	10	9級							
歌	14	9級		哥	欠				
画	8	9級							
回	6	9級		口	口				
会	6	9級		人	云				
海	9	9級		水	毎				
絵	12	9級		糸	会				
外	5	9級		夕	卜				
角	7	9級							
楽	13	9級							
活	9	9級		水	舌				
間	12	9級		門	日				
丸	3	9級							
岩	8	9級		山	石				
顔	18	9級							
汽	7	9級							
記	10	9級		言	己				
帰	10	9級							
弓	3	9級							
牛	4	9級							
魚	11	9級							
京	8	9級							
強	11	9級		弘	虫				
教	11	9級							
近	7	9級							
兄	5	9級							
形	7	9級							
計	9	9級		言	十				
元	4	9級							
言	7	9級							
原	10	9級							
戸	4	9級							
古	5	9級		十	口				
午	4	9級							
後	9	9級							
語	14	9級		言	吾				
工	3	9級							
公	4	9級							
広	5	9級							
交	6	9級							
光	6	9級							
考	6	9級							
行	6	9級							
高	10	9級							
黄	11	9級							
合	6	9級							
谷	7	9級							
国	8	9級		口	玉				
黒	11	9級		里	火				
今	4	9級							
才	3	9級							
細	11	9級		糸	田				
作	7	9級							
算	14	9級							
止	4	9級							
市	5	9級							
矢	5	9級							
姉	8	9級		女	市				
思	9	9級		田	心				
紙	10	9級		糸	氏				
寺	6	9級		土	寸				
自	6	9級		白	一				
時	10	9級		白	寺				
室	9	9級							
社	7	9級		示	土				
弱	10	9級							
首	9	9級							
秋	9	9級		禾	火				
週	11	9級							
春	9	9級							
書	10	9級							
少	4	9級							
場	12	9級		土	昜				
色	6	9級							
食	9	9級							
心	4	9級							
新	13	9級							
親	16	9級							
図	7	9級							
数	13	9級							
西	6	9級							
声	7	9級							
星	9	9級		日	生				
晴	12	9級		日	青				
切	4	9級		七	刀				
雪	11	9級							
船	11	9級							
線	15	9級		糸	泉				
前	9	9級							
組	11	9級		糸	且				
走	7	9級							
多	6	9級		夕	夕				
太	4	9級							
体	7	9級		人	本				
台	5	9級							
地	6	9級		土	也				
池	6	9級		水	也				
知	8	9級		矢	口				
茶	9	9級							
昼	9	9級							
長	8	9級							
鳥	11	9級		烏	一				
朝	12	9級							
直	8	9級							
通	10	9級							
弟	7	9級							
店	8	9級							
点	9	9級		占	火				
電	13	9級							
刀	2	9級							
冬	5	9級							
当	6	9級							
東	8	9級		束	一				
答	12	9級		竹	合				
頭	16	9級		豆	頁				
同	6	9級							
道	12	9級							
読	14	9級		言	売				
内	4	9級							
南	9	9級							
肉	6	9級		内	人				
馬	10	9級							
売	7	9級							
買	12	9級		目	貝				
麦	7	9級							
半	5	9級							
番	12	9級							
父	4	9級							
風	9	9級							
分	4	9級		八	刀				
聞	14	9級		門	耳				
米	6	9級							
歩	8	9級		止	少				
母	5	9級							
方	4	9級							
北	5	9級							
毎	6	9級							
妹	8	9級		女	未				
万	3	9級							
明	8	9級		日	月				
鳴	14	9級		口	鳥				
毛	4	9級							
門	8	9級							
夜	8	9級							
野	11	9級							
友	4	9級		又	又				
用	5	9級							
曜	18	9級							
来	7	9級		米	一				
里	7	9級		田	土				
理	11	9級		王	里				
話	13	9級		言	舌				
悪	11	8級							
安	6	8級							
暗	13	8級		日	音				
医	7	8級							
委	8	8級		禾	女				
意	13	8級		音	心				
育	8	8級							
員	10	8級		口	貝				
院	10	8級							
飲	12	8級		食	欠				
運	12	8級							
泳	8	8級		水	永				
駅	14	8級		馬	尺				
央	5	8級							
横	15	8級		木	黄				
屋	9	8級							
温	12	8級							
化	4	8級							
荷	10	8級							
界	9	8級		田	介				
開	12	8級							
階	12	8級							
寒	12	8級							
感	13	8級							
漢	13	8級							
館	16	8級		食	官				
岸	8	8級							
起	10	8級		走	己				
期	12	8級		其	月				
客	9	8級							
究	7	8級		穴	九				
急	9	8級							
級	9	8級		糸	及				
宮	10	8級							
球	11	8級		王	求				
去	5	8級							
橋	16	8級							
業	13	8級							
曲	6	8級							
局	7	8級							
銀	14	8級							
区	4	8級		匸	品				
苦	8	8級							
具	8	8級							
君	7	8級							
係	9	8級		人	系				
軽	12	8級							
血	6	8級							
決	7	8級							
研	9	8級							
県	9	8級							
庫	10	8級							
湖	12	8級		水	胡				
向	6	8級							
幸	8	8級							
港	12	8級							
号	5	8級							
根	10	8級							
祭	11	8級							
皿	5	8級							
仕	5	8級		人	士				
死	6	8級							
使	8	8級							
始	8	8級		女	台				
指	9	8級		手	旨				
歯	12	8級							
詩	13	8級		言	寺				
次	6	8級							
事	8	8級							
持	9	8級		手	寺				
式	6	8級							
実	8	8級							
写	5	8級							
者	8	8級							
主	5	8級							
守	6	8級							
取	8	8級		耳	又				
酒	10	8級		水	酉				
受	8	8級							
州	6	8級							
拾	9	8級		手	合				
終	11	8級		糸	冬				
習	11	8級		羽	日				
集	12	8級							
住	7	8級		人	主				
重	9	8級							
宿	11	8級							
所	8	8級		戸	斤				
暑	12	8級		日	者				
助	7	8級							
昭	9	8級		日	召				
消	10	8級		水	肖				
商	11	8級							
章	11	8級		立	早				
勝	12	8級							
乗	9	8級							
植	12	8級		木	直				
申	5	8級		中	一				
身	7	8級							
神	9	8級		示	申				
真	10	8級		十	具				
深	11	8級							
進	11	8級							
世	5	8級							
整	16	8級							
昔	8	8級							
全	6	8級		人	王				
相	9	8級		木	目				
送	9	8級							
想	13	8級		相	心				
息	10	8級		自	心				
速	10	8級							
族	11	8級							
他	5	8級		人	也				
打	5	8級		手	丁				
対	7	8級							
待	9	8級							
代	5	8級							
第	11	8級							
題	18	8級							
炭	9	8級		山	灰				
短	12	8級		矢	豆				
談	15	8級		言	炎				
着	12	8級							
注	8	8級		水	主				
柱	9	8級		木	主				
丁	2	8級							
帳	11	8級		巾	長				
調	15	8級		言	周				
追	9	8級							
定	8	8級							
庭	10	8級							
笛	11	8級		竹	由				
鉄	13	8級		金	失				
転	11	8級		車	云				
都	11	8級							
度	9	8級							
投	7	8級							
豆	7	8級							
島	10	8級							
湯	12	8級		水	易				
登	12	8級							
等	12	8級		竹	寺				
動	11	8級		重	力				
童	12	8級		立	里				
農	13	8級		曲	辰				
波	8	8級		水	皮				
配	10	8級		酉	己				
倍	10	8級							
箱	15	8級		竹	相				
畑	9	8級		火	田				
発	9	8級							
反	4	8級							
坂	7	8級		土	反				
板	8	8級		木	反				
皮	5	8級							
悲	12	8級		非	心				
美	9	8級							
鼻	14	8級							
筆	12	8級							
氷	5	8級							
表	8	8級							
秒	9	8級		禾	少				
病	10	8級							
品	9	8級							
負	9	8級							
部	11	8級							
服	8	8級							
福	13	8級							
物	8	8級		牛	勿				
平	5	8級							
返	7	8級							
勉	10	8級		免	力				
放	8	8級							
味	8	8級		日	未				
命	8	8級							
面	9	8級							
問	11	8級		門	口				
役	7	8級							
薬	16	8級							
由	5	8級							
油	8	8級		水	由				
有	6	8級							
遊	12	8級							
予	4	8級							
羊	6	8級							
洋	9	8級		水	羊				
葉	12	8級							
陽	12	8級							
様	14	8級							
落	12	8級							
流	10	8級							
旅	10	8級							
両	6	8級							
緑	14	8級							
礼	5	8級							
列	6	8級							
練	14	8級		糸	東				
路	13	8級		足	各				
和	8	8級		禾	口				
愛	13	7級							
案	10	7級		宋	女				
以	5	7級							
衣	6	7級							
位	7	7級		人	立				
囲	7	6級		口	井				
胃	9	5級		田	肉	田	月		
印	6	7級							
英	8	7級							
栄	9	7級							
塩	13	7級							
億	15	7級		人	意				
加	5	7級		力	口				
果	8	7級		田	木				
貨	11	7級		化	貝				
課	15	7級		言	果				
芽	8	7級							
改	7	7級							
械	11	7級		木	戒				
害	10	7級							
街	12	7級							
各	6	7級							
覚	12	7級							
完	7	7級							
官	8	7級							
管	14	7級		竹	官				
関	14	7級							
観	18	7級							
願	19	7級							
希	7	7級							
季	8	7級		禾	子				
紀	9	6級		糸	己				
喜	12	6級							
旗	14	7級							
器	15	7級							
機	16	7級		木	幾				
議	20	7級		言	義				
求	7	7級							
泣	8	7級		水	立				
救	11	6級							
給	12	7級		糸	合				
挙	10	7級							
漁	14	7級		水	魚				
共	6	7級							
協	8	7級							
鏡	19	7級							
競	20	7級							
極	12	7級							
訓	10	7級		言	川				
軍	9	7級							
郡	10	7級							
径	8	7級							
型	9	6級		刑	土				
景	12	7級		日	京				
芸	7	7級							
欠	4	7級							
結	12	7級		糸	吉				
建	9	7級							
健	11	7級							
験	18	7級							
固	8	7級		口	古				
功	5	7級		工	力				
好	6	7級		女	子				
候	10	7級							
航	10	6級							
康	11	7級							
告	7	6級							
差	10	7級							
菜	11	7級							
最	12	7級		旦	取				
材	7	7級		木	才				
昨	9	7級							
札	5	7級		木	乙				
刷	8	7級							
殺	10	6級							
察	14	7級							
参	8	7級							
産	11	7級							
散	12	7級							
残	10	7級							
士	3	6級		十	一				
氏	4	7級							
史	5	6級							
司	5	7級							
試	13	7級		言	式				
児	7	7級							
治	8	7級		水	台				
辞	13	7級		舌	辛				
失	5	7級							
借	10	7級		人	昔				
種	14	7級		禾	重				
周	8	7級							
祝	9	7級							
順	12	7級		川	頁				
初	7	7級		衣	刀				
松	8	7級		木	公				
笑	10	7級							
唱	11	7級		口	昌				
焼	12	7級							
象	12	6級							
照	13	7級		昭	火				
賞	15	6級							
臣	7	7級							
信	9	7級		人	言				
成	6	7級							
省	9	7級		少	目				
清	11	7級		水	青				
静	14	7級		青	争				
席	10	7級							
積	16	7級		禾	責				
折	7	7級		手	斤				
節	13	7級		竹	即				
説	14	7級		言	兌				
浅	9	7級							
戦	13	7級							
選	15	7級							
然	12	7級							
争	6	7級							
倉	10	7級							
巣	11	7級							
束	7	7級							
側	11	7級		人	則				
続	13	7級		糸	売				
卒	8	7級							
孫	10	7級		子	系				
帯	10	7級							
隊	12	7級							
達	12	7級							
単	9	7級							
置	13	7級							
仲	6	7級		人	中				
貯	12	6級							
兆	6	7級							
腸	13	5級		肉	易	月	易		
低	7	7級							
底	8	7級							
停	11	6級		人	亭				
的	8	7級		白	勺				
典	8	7級							
伝	6	7級		人	云				
徒	10	7級							
努	7	7級		奴	力				
灯	6	7級		火	丁				
堂	11	6級							
働	13	7級		人	動				
特	10	7級		牛	寺				
得	11	6級							
毒	8	6級							
熱	15	7級							
念	8	7級		今	心				
敗	11	7級							
梅	10	7級		木	毎				
博	12	7級							
飯	12	7級		食	反				
飛	9	7級							
費	12	6級							
必	5	7級							
票	11	7級		西	示				
標	15	7級		木	票				
不	4	7級							
夫	4	7級		大	一				
付	5	7級		人	寸				
府	8	7級							
副	11	7級							
粉	10	6級		米	分				
兵	7	7級							
別	7	7級							
辺	5	7級							
変	9	7級							
便	9	7級		人	更				
包	5	7級							
法	8	7級		水	去				
望	11	7級							
牧	8	7級							
末	5	7級		木	一				
満	12	7級							
未	5	7級							
脈	10	6級							
民	5	7級							
無	12	7級							
約	9	7級		糸	勺				
勇	9	7級							
要	9	7級		西	女				
養	15	7級							
浴	10	7級		水	谷				
利	7	7級		禾	刀				
陸	11	7級							
良	7	7級							
料	10	7級		米	斗				
量	12	7級							
輪	15	7級							
類	18	7級							
令	5	7級							
冷	7	7級							
例	8	7級		人	列				
歴	14	6級							
連	10	7級							
老	6	7級							
労	7	7級							
録	16	7級							
圧	5	6級							
移	11	6級		禾	多				
因	6	6級		口	大				
永	5	6級							
営	12	6級							
衛	16	6級							
易	8	6級		日	勿				
益	10	6級							
液	11	6級		水	夜				
演	14	6級		水	寅				
応	7	6級							
往	8	6級							
桜	10	6級							
恩	10	5級		因	心				
可	5	6級							
仮	6	6級		人	反				
価	8	6級							
河	8	6級		水	可				
過	12	6級							
賀	12	7級		加	貝				
快	7	6級							
解	13	6級							
格	10	6級		木	各				
確	15	6級							
額	18	6級							
刊	5	6級		干	刀				
幹	13	6級							
慣	14	6級		心	貫				
眼	11	6級							
基	11	6級							
寄	11	6級							
規	11	6級							
技	7	6級		手	支				
義	13	6級							
逆	9	6級							
久	3	6級							
旧	5	6級							
居	8	6級							
許	11	6級		言	午				
境	14	6級		土	意				
均	7	6級		土	勺				
禁	13	6級		林	示				
句	5	6級							
群	13	7級		君	羊				
経	11	6級							
潔	15	6級							
件	6	6級		人	牛				
券	8	5級							
険	11	6級							
検	12	6級							
限	9	6級							
現	11	6級		王	見				
減	12	6級							
故	9	6級							
個	10	6級		人	固				
護	20	6級							
効	8	6級		交	力				
厚	9	6級							
耕	10	6級							
鉱	13	6級							
構	14	6級							
興	16	6級							
講	17	6級							
混	11	6級		水	昆				
査	9	6級							
再	6	6級							
災	7	6級							
妻	8	6級							
採	11	6級							
際	14	6級							
在	6	6級							
財	10	6級		貝	才				
罪	13	6級							
雑	14	6級							
酸	14	6級							
賛	15	6級							
支	4	6級		十	又				
志	7	6級		士	心				
枝	8	6級		木	支				
師	10	6級							
資	13	6級		次	貝				
飼	13	6級		食	司				
示	5	6級		二	小				
似	7	6級		人	以				
識	19	6級							
質	15	6級							
舎	8	6級							
謝	17	6級		言	射				
授	11	6級		手	受				
修	10	6級							
述	8	6級							
術	11	6級							
準	13	6級							
序	7	6級							
招	8	6級		手	召				
承	8	5級							
証	12	6級		言	正				
条	7	6級							
状	7	6級							
常	11	6級							
情	11	6級		心	青				
織	18	6級							
職	18	6級							
制	8	6級							
性	8	6級		心	生				
政	9	6級							
勢	13	6級							
精	14	6級		米	青				
製	14	6級		制	衣				
税	12	6級							
責	11	6級							
績	17	6級		糸	責				
接	11	6級		手	妾				
設	11	6級							
舌	6	5級							
絶	12	6級		糸	色				
銭	14	5級							
祖	9	6級							
素	10	6級							
総	14	6級							
造	10	6級							
像	14	6級		人	象				
増	14	6級							
則	9	6級		貝	刀				
測	12	6級		水	則				
属	12	6級							
率	11	6級							
損	13	6級		手	員				
退	9	5級							
貸	12	6級		代	貝				
態	14	6級		能	心				
団	6	6級		口	寸				
断	11	6級							
築	16	6級							
張	11	6級		弓	長				
提	12	6級		手	是				
程	12	6級		禾	呈				
適	14	6級							
敵	15	5級							
統	12	6級		糸	充				
銅	14	6級		金	同				
導	15	6級		道	寸				
徳	14	7級							
独	9	6級		犬	虫				
任	6	6級		人	壬				
燃	16	6級		火	然				
能	10	6級							
破	10	6級		石	皮				
犯	5	6級							
判	7	6級		半	刀				
版	8	6級							
比	4	6級		人	人				
肥	8	6級		肉	巴	月	巴		
非	8	6級							
備	12	6級							
俵	10	5級		人	表				
評	12	6級		言	平				
貧	11	6級		分	貝				
布	5	6級							
婦	11	6級							
富	12	7級							
武	8	6級							
復	12	6級							
複	14	6級							
仏	4	6級							
編	15	6級							
弁	5	6級							
保	9	6級		人	呆				
墓	13	6級							
報	12	6級							
豊	13	6級		曲	豆				
防	7	6級		阜	方				
貿	12	6級							
暴	15	6級							
務	11	6級							
夢	13	6級							
迷	9	6級							
綿	14	6級							
輸	16	6級							
余	7	6級							
預	13	5級							
容	10	6級							
略	11	6級		田	各				
留	10	6級							
領	14	6級							
異	11	5級		田	共				
遺	15	5級							
域	11	5級		土	或				
宇	6	5級							
映	9	5級		日	央				
延	8	5級							
沿	8	5級							
我	7	5級							
灰	6	5級							
拡	8	5級		手	広				
革	9	5級							
閣	14	5級		門	各				
割	12	5級		害	刀				
株	10	5級		木	朱				
干	3	5級		一	十				
巻	9	5級							
看	9	5級							
簡	18	5級		竹	間				
危	6	5級							
机	6	5級		木	几				
揮	12	5級		手	軍				
貴	12	5級							
疑	14	5級							
吸	6	5級		口	及				
供	8	5級		人	共				
胸	10	5級							
郷	11	5級							
勤	12	5級							
筋	12	5級							
系	7	5級							
敬	12	5級							
警	19	5級		敬	言				
劇	15	5級							
激	16	5級							
穴	5	5級							
絹	13	5級							
権	15	5級							
憲	16	5級							
源	13	5級		水	原				
厳	17	5級							
己	3	5級							
呼	8	5級							
誤	14	5級		言	呉				
后	6	5級							
孝	7	5級							
皇	9	5級		白	王				
紅	9	5級		糸	工				
降	10	5級							
鋼	16	5級		金	岡				
刻	8	5級		亥	刀				
穀	14	5級							
骨	10	5級							
困	7	5級		口	木				
砂	9	5級		石	少				
座	10	5級							
済	11	5級		水	斉				
裁	12	5級							
策	12	5級							
冊	5	5級							
蚕	10	5級		天	虫				
至	6	5級							
私	7	5級							
姿	9	5級		次	女				
視	11	5級							
詞	12	5級		言	司				
誌	14	5級		言	志				
磁	14	5級							
射	10	5級		身	寸				
捨	11	5級		手	舎				
尺	4	5級							
若	8	5級							
樹	16	5級							
収	4	5級							
宗	8	5級							
就	12	5級		京	尤				
衆	12	5級							
従	10	5級							
縦	16	5級		糸	従				
縮	17	5級		糸	宿				
熟	15	5級							
純	10	5級		糸	屯				
処	5	5級							
署	13	5級							
諸	15	5級		言	者				
除	10	5級		阜	余				
将	10	5級							
傷	13	5級							
障	14	5級							
城	9	7級		土	成				
蒸	13	5級							
針	10	5級		金	十				
仁	4	5級		人	二				
垂	8	5級							
推	11	5級							
寸	3	5級							
盛	11	5級		成	皿				
聖	13	5級							
誠	13	5級		言	成				
宣	9	5級							
専	9	5級							
泉	9	5級		白	水				
洗	9	5級		水	先				
染	9	5級		氿	十				
善	12	5級							
奏	9	5級							
窓	11	5級							
創	12	5級		倉	刀				
装	12	5級		壮	衣				
層	14	5級							
操	16	5級							
蔵	15	5級							
臓	19	5級		肉	蔵	月	蔵		
存	6	5級							
尊	12	5級							
宅	6	5級							
担	8	5級		手	旦				
探	11	5級							
誕	15	5級		言	延				
段	9	5級							
暖	13	5級							
値	10	5級		人	直				
宙	8	5級							
忠	8	5級		中	心				
著	11	5級							
庁	5	5級							
頂	11	5級							
潮	15	5級		水	朝				
賃	13	5級		任	貝				
痛	12	5級							
展	10	5級							
討	10	5級		言	寸				
党	10	5級							
糖	16	5級		米	唐				
届	8	5級							
難	18	5級							
乳	8	5級							
認	14	5級		言	忍				
納	10	5級		糸	内				
脳	11	5級							
派	9	5級							
拝	8	5級							
背	9	5級		北	肉	北	月		
肺	9	5級		肉	市	月	市		
俳	10	5級		人	非				
班	10	5級							
晩	12	5級		日	免				
否	7	5級		不	口				
批	7	5級		手	比				
秘	10	5級		禾	必				
腹	13	5級							
奮	16	5級							
並	8	5級							
陛	10	5級							
閉	11	5級		門	才				
片	4	5級							
補	12	5級		衣	甫				
暮	14	5級							
宝	8	5級							
訪	11	5級		言	方				
亡	3	5級							
忘	7	5級		亡	心				
棒	12	5級							
枚	8	5級							
幕	13	5級							
密	11	5級							
盟	13	5級		明	皿				
模	14	5級		木	莫				
訳	11	5級		言	尺				
郵	11	5級							
優	17	5級		人	憂				
幼	5	5級							
欲	11	5級		谷	欠				
翌	11	5級		羽	立				
乱	7	5級		舌	乙				
卵	7	5級							
覧	17	5級							
裏	13	5級							
律	9	5級							
臨	18	5級							
朗	10	5級		良	月				
論	15	5級							
亜	7	準2級							
哀	9	3級		衣	口				
挨	10	2級							
曖	17	2級		日	愛				
握	12	4級		手	屋				
扱	6	4級		手	及				
宛	8	2級							
嵐	12	2級		山	風				
依	8	4級		人	衣				
為	9	4級							
畏	9	2級							
尉	11	準2級							
萎	11	2級							
偉	12	4級		人	韋				
椅	12	2級		木	奇				
彙	13	2級							
違	13	4級							
維	14	4級		糸	隹				
慰	15	3級							
緯	16	4級		糸	韋				
壱	7	4級							
逸	11	準2級							
芋	6	4級							
咽	9	2級		口	因				
姻	9	準2級		女	因				
淫	11	2級							
陰	11	4級							
隠	14	4級							
韻	19	準2級		音	員				
唄	10	2級		口	貝				
鬱	29	2級							
畝	10	準2級							
浦	10	準2級		水	甫				
詠	12	3級		言	永				
影	15	4級							
鋭	15	4級		金	兑				
疫	9	準2級							
悦	10	3級		心	兑	小	兑		
越	12	4級							
謁	15	準2級							
閲	15	3級		門	兑				
炎	8	3級		火	火				
怨	9	2級							
宴	10	3級							
援	12	4級		手	爰				
煙	13	4級							
猿	13	準2級		犬	袁				
鉛	13	4級							
縁	15	4級							
艶	19	2級		豊	色				
汚	6	4級							
凹	5	準2級							
押	8	4級		手	甲				
旺	8	2級		日	王				
欧	8	3級		区	欠				
殴	8	3級		殳	区				
翁	10	準2級		公	羽				
奥	12	4級							
憶	16	4級		心	意	小	意		
臆	17	2級		肉	意	月	意		
虞	13	準2級							
乙	1	3級							
俺	10	2級		人	奄				
卸	9	3級							
穏	16	3級							
佳	8	3級		人	圭				
苛	8	2級							
架	9	3級		加	木				
華	10	3級							
菓	11	4級							
渦	12	準2級		水	咼				
嫁	13	3級		女	家				
暇	13	4級							
禍	13	準2級		示	咼				
靴	13	準2級		革	化				
寡	14	準2級							
箇	14	4級		竹	固				
稼	15	準2級		禾	家				
蚊	10	準2級		虫	文				
牙	4	2級							
瓦	5	2級							
雅	13	4級		牙	隹				
餓	15	3級		食	我				
介	4	4級							
戒	7	4級							
怪	8	3級							
拐	8	準2級							
悔	9	3級		心	毎	小	毎		
皆	9	4級		比	白				
塊	13	3級		土	鬼				
楷	13	2級		木	皆				
潰	15	2級		水	責				
壊	16	4級							
懐	16	準2級							
諧	16	2級		言	皆				
劾	8	準2級		亥	力				
崖	11	2級		山	厓				
涯	11	準2級		水	厓				
慨	13	3級		心	既	小	既		
蓋	13	2級							
該	13	3級		言	亥				
概	14	3級		木	既				
骸	16	2級		骨	亥				
垣	9	準2級							
柿	9	2級		木	市				
核	10	準2級		木	亥				
殻	11	準2級							
郭	11	3級							
較	13	4級		車	交				
隔	13	3級							
獲	16	4級		犬	蒦				
嚇	17	準2級							
穫	18	3級		禾	蒦				
岳	8	3級		丘	山				
顎	18	2級							
掛	11	3級							
括	9	準2級		手	舌				
喝	11	準2級		口	曷				
渇	11	準2級		水	曷				
葛	12	2級							
滑	13	3級		水	骨				
褐	13	準2級		衣	曷				
轄	17	準2級		車	害				
且	5	準2級							
釜	10	2級							
鎌	18	2級		金	兼				
刈	4	4級							
甘	5	4級							
汗	6	4級		水	干				
缶	6	準2級							
肝	7	3級		肉	干	月	干		
冠	9	3級							
陥	10	準2級							
乾	11	4級		車	乞				
勘	11	3級		甚	力				
患	11	準2級		串	心				
貫	11	3級							
喚	12	3級		口	奐				
堪	12	準2級		土	甚				
換	12	3級		手	奐				
敢	12	3級							
棺	12	準2級		木	官				
款	12	準2級							
閑	12	準2級		門	木				
勧	13	4級		隺	力				
寛	13	準2級							
歓	15	4級		隺	欠				
監	15	4級							
緩	15	3級		糸	爰				
憾	16	準2級		心	感	小	感		
還	16	準2級							
環	17	4級		王	睘				
韓	18	2級							
艦	21	準2級		舟	監				
鑑	23	4級		金	監				
含	7	4級		今	口				
玩	8	2級		王	元				
頑	13	準2級		元	頁				
企	6	3級		人	止				
伎	6	2級		人	支				
忌	7	3級		己	心				
奇	8	4級		大	可				
祈	8	4級		示	斤				
軌	9	3級		車	九				
既	10	3級							
飢	10	準2級		食	几				
鬼	10	4級							
亀	11	2級							
幾	12	4級							
棋	12	3級		木	其				
棄	13	3級							
毀	13	2級							
畿	15	2級							
輝	15	4級		光	軍				
騎	18	3級		馬	奇				
宜	8	準2級							
偽	11	準2級		人	為				
欺	12	3級		其	欠				
儀	15	4級		人	義				
戯	15	4級							
擬	17	準2級		手	疑				
犠	17	3級		牛	義				
菊	11	3級							
吉	6	3級		士	口				
喫	12	3級		口	契				
詰	13	4級		言	吉				
却	7	4級							
脚	11	4級		月	却	肉	却		
虐	9	3級							
及	3	4級		人	又				
丘	5	4級							
朽	6	4級		木	丂				
臼	6	2級							
糾	9	準2級							
嗅	13	2級							
窮	15	準2級							
巨	5	4級							
拒	8	準2級		手	巨				
拠	8	4級		手	処				
虚	11	3級							
距	12	4級		足	巨				
御	12	4級							
凶	4	4級							
叫	6	4級							
狂	7	4級		犬	王				
享	8	準2級							
況	8	4級		水	兄				
峡	9	3級							
挟	9	準2級							
狭	9	4級							
恐	10	4級							
恭	10	準2級		共	心				
脅	10	3級							
矯	17	準2級		矢	喬				
響	20	4級		郷	音				
驚	22	4級		敬	馬				
仰	6	4級		人	卯				
暁	12	準2級		日	尭				
凝	16	3級							
巾	3	2級							
斤	4	3級							
菌	11	準2級							
琴	12	準2級							
僅	13	2級							
緊	15	3級							
錦	16	2級		金	帛				
謹	17	準2級							
襟	18	準2級		衣	禁				
吟	7	準2級		口	今				
駆	14	4級		馬	区				
惧	11	2級		心	具	小	具		
愚	13	3級		禺	心				
偶	11	3級		人	禺				
遇	12	3級							
隅	12	準2級		阜	禺				
串	7	2級		中	口				
屈	8	4級							
掘	11	4級		手	屈				
窟	13	2級		穴	屈				
繰	19	4級							
勲	15	準2級		動	火				
薫	16	準2級							
刑	6	3級							
茎	8	準2級							
契	9	3級							
恵	10	4級							
啓	11	3級							
掲	11	3級		手	曷				
渓	11	準2級							
蛍	11	準2級							
傾	13	4級							
携	13	3級		手	隽				
継	13	4級							
詣	13	2級		言	旨				
慶	15	準2級							
憬	15	2級		心	景	小	景		
稽	15	2級							
憩	16	3級		舌	息				
鶏	19	3級							
迎	7	4級							
鯨	19	3級		魚	京				
隙	13	2級							
撃	15	4級							
桁	10	2級		木	行				
傑	13	準2級							
肩	8	4級		戸	肉	戸	月		
倹	10	3級							
兼	10	4級							
剣	10	4級							
拳	10	2級							
軒	10	4級		車	干				
圏	12	4級		口	巻				
堅	12	4級							
嫌	13	準2級		女	兼				
献	13	準2級		南	犬				
遣	13	4級							
賢	16	3級							
謙	17	準2級		言	兼				
鍵	17	2級		金	建				
繭	18	準2級							
顕	18	準2級							
懸	20	準2級							
幻	4	3級							
玄	5	4級							
弦	8	準2級		弓	玄				
舷	11	2級		船	玄				
股	8	2級							
虎	8	2級							
孤	9	3級		子	瓜				
弧	9	3級		弓	瓜				
枯	9	4級		木	古				
雇	12	3級		戸	隹				
誇	13	4級							
鼓	13	4級							
錮	16	2級		金	固				
顧	21	3級		雇	頁				
互	4	4級							
呉	7	準2級							
娯	10	3級		女	呉				
悟	10	3級		心	吾	小	吾		
碁	13	準2級							
勾	4	2級							
孔	4	3級							
巧	5	3級							
甲	5	3級							
江	6	準2級		水	工				
坑	7	3級		土	亘				
抗	7	4級		手	亢				
攻	7	4級							
更	7	4級							
拘	8	3級		手	句				
肯	8	準2級		止	肉	止	月		
侯	9	準2級							
恒	9	4級		心	亘	小	亘		
洪	9	準2級		水	共				
荒	9	4級							
郊	9	3級							
貢	10	準2級		工	貝				
控	11	3級							
梗	11	2級		木	更				
喉	12	2級							
慌	12	3級		心	荒	小	荒		
硬	12	3級		石	更				
絞	12	3級		糸	交				
項	12	4級		工	頁				
溝	13	準2級							
綱	14	3級		糸	岡				
酵	14	3級		酉	考				
稿	15	4級		禾	高				
衡	16	準2級							
購	17	準2級							
乞	3	2級							
拷	9	準2級		手	考				
剛	10	準2級		岡	刀				
傲	13	2級							
豪	14	4級							
克	7	3級		十	兄				
酷	14	準2級		酉	告				
獄	14	3級							
駒	15	2級		馬	旬				
込	5	4級							
頃	11	2級							
昆	8	準2級		日	比				
恨	9	3級							
婚	11	4級		女	昏				
痕	11	2級							
紺	11	3級		糸	甘				
魂	14	3級		云	鬼				
墾	16	3級							
懇	17	準2級							
唆	10	準2級		口	夋				
詐	12	準2級							
鎖	18	4級							
挫	10	2級							
采	8	2級							
砕	9	準2級							
宰	10	準2級							
栽	10	準2級							
彩	11	4級							
斎	11	準2級							
債	13	3級		人	責				
催	13	3級		人	崔				
塞	13	2級							
歳	13	4級							
載	13	4級							
剤	10	4級		斉	刀				
削	9	3級		肖	刀				
柵	9	2級		木	冊				
索	10	準2級							
酢	12	準2級							
搾	13	3級							
錯	16	3級		金	昔				
咲	9	4級							
刹	8	2級							
拶	9	2級							
撮	15	3級		手	最				
擦	17	3級		手	察				
桟	10	準2級							
惨	11	4級		心	参	小	参		
傘	12	準2級							
斬	11	2級		車	斤				
暫	15	3級		斬	日				
旨	6	4級							
伺	7	4級		人	司				
刺	8	4級							
祉	8	3級		示	止				
肢	8	準2級		肉	支	月	支		
施	9	3級							
恣	10	2級		次	心				
脂	10	4級		肉	旨	月	旨		
紫	12	4級							
嗣	13	準2級							
雌	14	4級							
摯	15	2級		執	手				
賜	15	準2級		貝	易				
諮	16	3級							
侍	8	3級		人	寺				
慈	13	3級							
餌	15	2級		食	耳				
璽	19	準2級							
軸	12	3級		車	由				
疾	10	3級							
執	11	4級							
湿	12	3級							
嫉	13	2級		女	疾				
漆	14	準2級							
芝	6	4級							
赦	11	3級							
斜	11	4級		余	斗				
煮	12	4級		者	火				
遮	14	準2級							
邪	8	3級							
蛇	11	準2級							
酌	10	準2級		酉	勺				
釈	11	4級							
爵	17	準2級							
寂	11	4級							
朱	6	4級							
狩	9	4級		犬	守				
殊	10	3級							
珠	10	準2級		王	朱				
腫	13	2級		肉	重				
趣	15	4級		走	取				
寿	7	3級							
呪	8	2級		口	兄				
需	14	4級		雨	而				
儒	16	準2級		人	需				
囚	5	準2級		口	人				
舟	6	4級							
秀	7	4級		禾	乃				
臭	9	準2級		自	大				
袖	10	2級		衣	由				
羞	11	2級							
愁	13	準2級		秋	心				
酬	13	準2級							
醜	17	準2級		酉	鬼				
蹴	19	2級		足	就				
襲	22	4級		龍	衣				
汁	5	準2級		水	十				
充	6	準2級							
柔	9	4級		矛	木				
渋	11	準2級							
銃	14	準2級		金	充				
獣	16	4級							
叔	8	準2級							
淑	11	準2級		水	叔				
粛	11	準2級							
塾	14	準2級							
俊	9	準2級		人	夋				
瞬	18	4級		目	舜				
旬	6	4級		句	一				
巡	6	4級							
盾	9	4級							
准	10	準2級							
殉	10	準2級							
循	12	準2級							
潤	15	3級		水	閏				
遵	15	3級							
庶	11	準2級							
緒	14	準2級		糸	者				
如	6	3級		女	口				
叙	9	準2級		余	又				
徐	10	3級							
升	4	準2級							
召	5	4級		刀	口				
匠	6	3級							
床	7	4級							
抄	7	準2級		手	少				
肖	7	準2級		小	月				
尚	8	準2級							
昇	8	3級		日	升				
沼	8	4級		水	召				
宵	10	準2級							
症	10	準2級							
祥	10	準2級		示	羊				
称	10	4級							
渉	11	準2級		水	歩				
紹	11	4級		糸	召				
訟	11	準2級		言	公				
掌	12	3級							
晶	12	3級		昌	日				
焦	12	3級		隹	火				
硝	12	準2級		石	肖				
粧	12	準2級		米	庄				
詔	12	準2級		言	召				
奨	13	準2級		将	大				
詳	13	4級		言	羊				
彰	14	準2級							
憧	15	2級		心	童	小	童		
衝	15	3級							
償	17	準2級		人	賞				
礁	17	準2級		石	焦				
鐘	20	3級		金	童				
丈	3	4級							
冗	4	3級							
浄	9	準2級		水	争				
剰	11	準2級		乗	刀				
畳	12	4級							
壌	16	準2級		土	襄				
嬢	16	3級		女	襄				
錠	16	3級		金	定				
譲	20	3級		言	襄				
醸	20	準2級		酉	襄				
拭	9	2級		手	式				
殖	12	4級							
飾	13	4級							
触	13	4級		角	虫				
嘱	15	3級		口	属				
辱	10	3級		辰	寸				
尻	5	2級							
伸	7	3級		人	申				
芯	7	2級							
辛	7	3級		立	十				
侵	9	4級							
津	9	準2級		水	聿				
唇	10	準2級		辰	口				
娠	10	準2級		女	辰				
振	10	4級		手	辰				
浸	10	4級							
紳	11	準2級		糸	申				
診	12	準2級							
寝	13	4級							
慎	13	4級		心	真	小	真		
審	15	3級							
震	15	4級		雨	辰				
薪	16	4級							
刃	3	準2級							
尽	6	4級							
迅	6	準2級							
甚	9	準2級							
陣	10	4級		阜	車				
尋	12	4級							
腎	13	2級							
須	12	2級							
吹	7	4級		口	欠				
炊	8	3級		火	欠				
帥	9	準2級							
粋	10	3級							
衰	10	3級							
酔	11	3級							
遂	12	3級							
睡	13	準2級		目	垂				
穂	15	3級		禾	恵				
随	12	3級							
髄	19	3級							
枢	8	準2級		木	区				
崇	11	準2級		山	宗				
据	11	準2級		手	居				
杉	7	準2級							
裾	13	2級		衣	居				
瀬	19	3級							
是	9	4級							
姓	8	4級		女	生				
征	8	4級							
斉	8	準2級							
牲	9	3級		牛	生				
凄	10	2級							
逝	10	準2級							
婿	12	3級							
誓	14	準2級		折	言				
請	15	3級		言	青				
醒	16	2級		酉	星				
斥	5	3級							
析	8	準2級		木	斤				
脊	10	2級							
隻	10	3級		隹	又				
惜	11	3級		心	昔	小	昔		
戚	11	2級							
跡	13	4級							
籍	20	3級							
拙	8	準2級		手	出				
窃	9	準2級		穴	切				
摂	13	3級							
仙	5	準2級		人	山				
占	5	4級							
扇	10	4級		戸	羽				
栓	10	準2級		木	全				
旋	11	準2級							
煎	13	2級		前	火				
羨	13	2級							
腺	13	2級		肉	泉				
詮	13	2級		言	全				
践	13	準2級							
箋	14	2級							
潜	15	3級		水	替				
遷	15	準2級							
薦	16	準2級							
繊	17	準2級							
鮮	17	4級		魚	羊				
禅	13	準2級		示	単				
漸	14	準2級							
膳	16	2級		肉	善				
繕	18	3級		糸	善				
狙	8	2級							
阻	8	3級		阜	且				
租	10	準2級		禾	且				
措	11	3級		手	昔				
粗	11	3級		米	且				
疎	12	準2級							
訴	12	4級		言	斥				
塑	13	準2級		朔	土				
遡	14	2級							
礎	18	3級		石	楚				
双	4	3級		隻	隹	又	又		
壮	6	準2級							
荘	9	準2級							
捜	10	準2級							
挿	10	準2級							
桑	10	3級							
掃	11	3級							
曹	11	準2級							
曽	11	2級							
爽	11	2級							
喪	12	準2級							
痩	12	2級							
葬	12	3級							
僧	13	4級		人	曹				
遭	14	3級							
槽	15	準2級		木	曹				
踪	15	2級		足	宗				
燥	17	4級							
霜	17	準2級		雨	相				
騒	18	4級							
藻	19	準2級							
憎	14	3級		心	曽	小	曽		
贈	18	4級		貝	曽				
即	7	4級							
促	9	3級		人	足				
捉	10	2級		手	足				
俗	9	4級		人	谷				
賊	13	3級		貝	戒				
遜	14	2級							
汰	7	2級		水	太				
妥	7	準2級		爪	女				
唾	11	2級		口	垂				
堕	12	準2級							
惰	12	準2級							
駄	14	準2級		馬	太				
耐	9	4級		而	寸				
怠	9	3級							
胎	9	3級		肉	台	月	台		
泰	10	準2級							
堆	11	2級		土	隹				
袋	11	3級		代	衣				
逮	11	3級							
替	12	4級							
滞	13	3級		水	帯				
戴	17	2級							
滝	13	3級		水	竜				
択	7	3級		手	尺				
沢	7	4級		水	尺				
卓	8	3級							
拓	8	4級		手	石				
託	10	3級							
濯	17	準2級		水	翟				
諾	15	3級		言	若				
濁	16	4級		水	蜀				
但	7	準2級		人	旦				
脱	11	4級		肉	兌	月	兌		
奪	14	3級							
棚	12	準2級		木	朋				
誰	15	2級		言	隹				
丹	4	4級							
旦	5	2級		日	一				
胆	9	3級		肉	旦	月	旦		
淡	11	4級		水	炎				
嘆	13	4級							
端	14	4級							
綻	14	2級		糸	定				
鍛	17	3級		金	段				
弾	12	4級		弓	単				
壇	16	3級		土	亶				
恥	10	4級		耳	心				
致	10	4級							
遅	12	4級							
痴	13	準2級							
稚	13	3級		禾	隹				
緻	16	2級		糸	致				
畜	10	3級		玄	田				
逐	10	準2級							
蓄	13	4級							
秩	10	準2級		禾	失				
窒	11	3級		穴	至				
嫡	14	準2級		女	啇				
抽	8	3級		手	由				
衷	9	準2級							
酎	10	2級		酉	寸				
鋳	15	3級		金	寿				
駐	15	3級		馬	主				
弔	4	準2級		弓	人				
挑	9	準2級		手	兆				
彫	11	3級							
眺	11	準2級		目	兆				
釣	11	準2級		金	勺				
貼	12	2級		貝	占				
超	12	3級		走	召				
跳	13	4級		足	兆				
徴	14	4級							
嘲	15	2級		口	朝				
澄	15	4級		水	登				
聴	17	3級							
懲	18	準2級		徴	心				
勅	9	準2級		束	力				
捗	10	2級		手	歩				
沈	7	4級		水	冘				
珍	9	4級							
朕	10	準2級							
陳	11	3級		阜	東				
鎮	18	3級		金	真				
椎	12	2級		木	隹				
墜	15	3級		隊	土				
塚	12	準2級							
漬	14	準2級		水	責				
坪	8	準2級		土	平				
爪	4	2級							
鶴	21	2級		隺	鳥				
呈	7	準2級		口	王				
廷	7	準2級							
抵	8	4級							
邸	8	準2級							
亭	9	準2級							
貞	9	準2級							
帝	9	3級							
訂	9	3級		言	丁				
逓	10	準2級							
偵	11	準2級		人	貞				
堤	12	4級		土	是				
艇	13	準2級		舟	延				
締	15	3級		糸	帝				
諦	16	2級		言	帝				
泥	8	準2級		水	尼				
摘	14	4級		手	啇				
滴	14	4級		水	啇				
溺	13	2級		水	弱				
迭	8	準2級							
哲	10	3級		折	口				
徹	15	準2級							
撤	15	準2級							
添	11	4級		水	忝				
塡	13	2級							
殿	13	4級							
斗	4	3級							
吐	6	4級		叶	一				
妬	8	2級		女	石				
途	10	4級							
渡	12	4級		水	度				
塗	13	3級							
賭	16	2級		貝	者				
奴	5	4級		女	又				
怒	9	4級		奴	心				
到	8	4級		至	刀				
逃	9	4級							
倒	10	4級		人	致				
凍	10	3級							
唐	10	4級							
桃	10	4級		木	兆				
透	10	4級							
悼	11	準2級		心	卓	小	卓		
盗	11	4級		次	皿				
陶	11	3級							
塔	12	4級		土	荅				
搭	12	準2級		手	荅				
棟	12	準2級		木	東				
痘	12	3級							
筒	12	準2級		竹	同				
稲	14	4級							
踏	15	4級		足	沓				
謄	17	準2級							
藤	18	2級							
闘	18	4級							
騰	20	準2級							
洞	9	準2級		水	同				
胴	10	4級		肉	同	月	同		
瞳	17	2級		目	童				
峠	9	4級							
匿	10	3級							
督	13	準2級		叔	目				
篤	16	3級		竹	馬				
凸	5	準2級							
突	8	4級		穴	大				
屯	4	準2級							
豚	11	3級		豚	月	豕	肉		
頓	13	2級		屯	頁				
貪	11	2級		今	貝				
鈍	12	4級		金	屯				
曇	16	4級		日	雲				
丼	5	2級							
那	7	2級							
謎	17	2級		言	迷				
鍋	17	2級		金	咼				
軟	11	準2級		車	欠				
尼	5	準2級							
弐	6	4級							
匂	4	2級							
虹	9	2級		虫	工				
尿	7	3級							
妊	7	準2級		女	壬				
忍	7	準2級		刃	心				
寧	14	準2級							
捻	11	2級		手	念				
粘	11	3級		米	占				
悩	10	4級							
濃	16	4級		水	農				
把	7	準2級		手	巴				
覇	19	準2級							
婆	11	3級		波	女				
罵	15	2級							
杯	8	4級		木	不				
排	11	3級		木	非				
廃	12	準2級							
輩	15	4級		非	車				
培	11	準2級		土	咅				
陪	11	3級		阜	咅				
媒	12	準2級		女	某				
賠	15	準2級		貝	咅				
伯	7	準2級		人	白				
拍	8	4級		手	白				
泊	8	4級		水	白				
迫	8	4級							
剝	10	2級							
舶	11	準2級		舟	白				
薄	16	4級							
漠	13	準2級		水	莫				
縛	16	3級		糸	尃				
爆	19	4級		火	暴				
箸	15	2級		竹	者				
肌	6	準2級		肉	几				
鉢	13	準2級		金	本				
髪	14	4級							
伐	6	3級		人	戈				
抜	7	4級		手	友				
罰	14	4級							
閥	14	準2級		門	伐				
氾	5	2級		水	反				
帆	6	3級		巾	凡				
汎	6	2級		水	凡				
伴	7	3級		人	半				
畔	10	3級		田	半				
般	10	4級		舟	殳				
販	11	4級		貝	反				
斑	12	2級							
搬	13	4級		手	般				
煩	13	準2級		火	頁				
頒	13	準2級		分	頁				
範	15	4級							
繁	16	4級		敏	糸				
藩	18	3級							
蛮	12	3級							
盤	15	4級		般	皿				
妃	6	準2級		女	己				
彼	8	4級							
披	8	準2級		手	皮				
卑	9	3級							
疲	10	4級							
被	10	4級		衣	皮				
扉	12	準2級		戸	非				
碑	14	3級		石	卑				
罷	15	準2級							
避	16	4級							
尾	7	4級							
眉	9	2級							
微	13	4級							
膝	15	2級							
肘	7	2級		肉	寸	月	寸		
匹	4	4級							
泌	8	3級		水	必				
姫	10	3級		女	臣				
漂	14	3級		水	票				
苗	8	3級							
描	11	4級		手	苗				
猫	11	準2級		犬	苗				
浜	10	4級		水	兵				
賓	15	準2級							
頻	17	準2級		歩	頁				
敏	10	4級		毎	攵				
瓶	11	準2級		并	瓦				
扶	7	準2級		手	夫				
怖	8	4級		心	布	小	布		
附	8	準2級		阜	付				
訃	9	2級		言	卜				
赴	9	3級		走	卜				
浮	10	4級		水	孚				
符	11	3級		竹	付				
普	12	4級		並	日				
腐	14	4級		肉	府				
敷	15	4級		旉	夫				
膚	15	4級							
賦	15	4級		貝	武				
譜	19	準2級		言	普				
侮	8	準2級		人	毎				
舞	15	4級							
封	9	3級		寸	圭				
伏	6	3級		人	犬				
幅	12	4級		巾	畐				
覆	18	3級		西	復				
払	5	4級							
沸	8	準2級		水	弗				
紛	10	3級		糸	分				
雰	12	準2級		雨	分				
噴	15	4級		口	賁				
墳	15	3級		土	賁				
憤	15	準2級		心	賁	小	賁		
丙	5	準2級		一	内				
併	8	準2級		人	并				
柄	9	4級		木	丙				
塀	12	準2級		土	屏				
幣	15	準2級		敝	巾				
弊	15	準2級		敝	廾				
蔽	15	2級							
餅	15	2級		食	并				
壁	16	4級							
璧	18	2級							
癖	18	3級							
蔑	14	2級							
偏	11	準2級		人	偏				
遍	12	準2級							
哺	10	2級		口	甫				
捕	10	4級		手	甫				
舗	15	4級		舍	甫				
募	12	3級							
慕	14	3級							
簿	19	3級		竹	溥				
芳	7	3級							
邦	7	3級							
奉	8	3級							
抱	8	4級		手	包				
泡	8	準2級		水	包				
胞	9	3級		月	包				
俸	10	準2級		人	奉				
倣	10	3級		人	放				
峰	10	4級		山	夆				
砲	10	4級		石	包				
崩	11	3級		山	朋				
蜂	13	2級		虫	夆				
飽	13	3級		食	包				
褒	15	準2級		衣	保				
縫	16	3級		糸	逢				
乏	4	3級							
忙	6	4級		心	亡	小	亡		
坊	7	4級		土	方				
妨	7	3級		女	方				
房	8	3級		戸	方				
肪	8	4級		肉	方	月	方		
某	9	3級							
冒	9	4級		日	目				
剖	10	準2級							
紡	10	準2級		糸	方				
傍	12	4級							
帽	12	4級		巾	冒				
貌	14	2級							
膨	16	3級							
謀	16	3級		言	某				
頰	16	2級							
朴	6	準2級		木	卜				
睦	13	2級							
僕	14	準2級							
墨	14	3級							
撲	15	準2級							
没	7	3級		水	殳				
勃	9	2級							
堀	11	準2級		土	屈				
奔	8	準2級							
翻	18	3級		番	羽				
凡	3	4級							
盆	9	4級		分	皿				
麻	11	準2級							
摩	15	準2級		麻	手				
磨	16	準2級		麻	石				
魔	21	3級		麻	鬼				
昧	9	2級		日	末				
埋	10	3級		土	里				
膜	14	3級		肉	莫	月	莫		
枕	8	2級		木	冘				
又	2	3級							
抹	8	準2級		手	末				
慢	14	4級							
漫	14	4級							
魅	15	3級		鬼	未				
岬	8	準2級		山	甲				
蜜	14	2級							
妙	7	4級		女	少				
眠	10	4級		目	民				
矛	5	4級							
霧	19	4級		雨	務				
娘	10	4級		女	良				
冥	10	2級							
銘	14	準2級		金	名				
滅	13	3級		水	威				
免	8	3級							
麺	16	2級		麦	面				
茂	8	4級							
妄	6	準2級		亡	女				
盲	8	準2級		亡	目				
耗	10	準2級							
猛	11	4級							
網	14	4級							
黙	15	4級							
紋	10	4級		糸	文				
冶	7	2級							
弥	8	2級							
厄	4	準2級							
躍	21	4級							
闇	17	2級		門	音				
喩	12	2級							
愉	12	準2級							
諭	16	準2級							
癒	18	準2級							
唯	11	準2級							
幽	9	3級							
悠	11	準2級							
湧	12	2級		水	勇				
猶	12	準2級							
裕	12	準2級		衣	谷				
雄	12	4級							
誘	14	3級		言	秀				
憂	15	3級							
融	16	準2級							
与	3	4級							
誉	13	4級							
妖	7	2級							
庸	11	準2級							
揚	12	3級		手	易				
揺	12	3級							
溶	13	4級		水	容				
腰	13	4級		肉	要	月	要		
瘍	14	2級							
踊	14	4級							
窯	15	準2級							
擁	16	3級							
謡	16	4級							
抑	7	3級							
沃	7	2級							
翼	17	4級		羽	異				
拉	8	2級		手	立				
裸	13	3級		衣	果				
羅	19	準2級							
雷	13	4級		雨	田				
頼	16	4級		束	頁				
絡	12	4級		糸	各				
酪	13	準2級		酉	各				
辣	14	2級		辛	束				
濫	18	3級		水	監				
藍	18	2級							
欄	20	4級		木	闌				
吏	6	3級		一	史				
痢	12	準2級							
履	15	準2級							
璃	14	2級							
離	18	4級							
慄	13	2級		心	栗				
柳	9	準2級							
竜	10	準2級							
粒	11	4級		米	立				
隆	11	3級							
硫	12	準2級							
侶	9	2級		人	呂				
虜	13	準2級							
慮	15	4級							
了	2	3級							
涼	11	準2級		水	京				
猟	11	3級							
陵	11	3級							
僚	14	準2級							
寮	15	準2級							
療	17	4級							
瞭	17	2級		目	寮				
糧	18	3級		米	量				
厘	9	3級							
倫	10	準2級							
隣	16	4級							
瑠	14	2級		王	留				
涙	10	4級		水	戻				
累	11	準2級		糸	田				
塁	12	準2級							
励	7	3級							
戻	7	準2級		戸	大				
鈴	13	準2級		金	令				
零	13	3級		雨	令				
霊	15	3級							
隷	16	4級							
齢	17	4級		歯	令				
麗	19	4級							
暦	14	4級							
劣	6	4級		少	力				
烈	10	4級		列	火				
裂	12	3級		列	衣				
恋	10	4級							
廉	13	3級							
錬	16	3級		金	東				
呂	7	2級							
炉	8	3級		火	戸				
賂	13	2級		貝	各				
露	21	4級		雨	路				
弄	7	2級							
郎	9	4級							
浪	10	3級		水	良				
廊	12	3級							
楼	13	3級							
漏	14	3級							
籠	22	2級		竹	龍				
麓	19	2級		林	鹿				
賄	13	準2級		貝	有				
脇	10	2級							
惑	12	4級		心	或				
枠	8	準2級							
湾	12	3級							
腕	12	4級		肉	宛	月	宛		
井	4	7級							
阪	7	7級		阜	反				
佐	7	7級		人	左				
岐	7	7級		山	支				
沖	7	7級							
阜	8	7級							
岡	8	7級							
奈	8	7級		大	示				
香	9	7級		禾	日				
茨	9	7級							
栃	9	7級							
鹿	11	7級							
崎	11	7級		山	奇				
埼	11	7級		土	奇				
梨	11	7級		利	木				
滋	12	7級							
媛	12	7級							
熊	14	7級		能	火				
潟	15	7級							
縄	15	7級							
威	9	4級							
𠮟	5	2級		口	七				
叱	5	2級							
剥	10	2級							
䇳	12	2級							
喻	12	2級							
填	13	2級		土	真				
彚	13	2級							
頬	15	2級							
𥡴	16	2級							
